fecha,id_producto,ventas_unidades,precio,ventas_euros,nombre,navidad
2019-01-07,2033,1862,2.44,4543.28,CARTE D' OR Helado de yogur Tarrina 500 gr,0
2019-01-07,240,1015,2.3,2334.5,Helado Haagen Dazs Cookies Tarrina 400 g,0
2019-01-07,5684,317,3.7,1172.9,DIA Helado Fresa Tarrina 1kg,0
2019-01-07,101,208,3.93,817.44,MAGNUM Helado White Chocolate & Cookies Tarrina 300 gr,0
2019-01-07,3636,160,2.6,416.0,CARTE D' OR Helado Stracciatella Tarrina 500 gr,0
2019-01-07,5019,132,2.45,323.40000000000003,DIA Helado Dulce de Leche Tarrina 500 g,0
2019-01-07,7118,0,,,Haagen Dazs Helado Fresa Tarrina 400 g,0
2019-01-14,2033,1389,2.4,3333.6,CARTE D' OR Helado de yogur Tarrina 500 gr,0
2019-01-14,240,873,2.29,1999.17,Helado Haagen Dazs Cookies Tarrina 400 g,0
2019-01-14,5684,313,3.56,1114.28,DIA Helado Fresa Tarrina 1kg,0
2019-01-14,101,187,3.82,714.3399999999999,MAGNUM Helado White Chocolate & Cookies Tarrina 300 gr,0
2019-01-14,3636,169,2.57,434.33,CARTE D' OR Helado Stracciatella Tarrina 500 gr,0
2019-01-14,5019,121,2.44,295.24,DIA Helado Dulce de Leche Tarrina 500 g,0
2019-01-14,7118,0,,,Haagen Dazs Helado Fresa Tarrina 400 g,0
2019-01-21,2033,1340,2.45,3283.0000000000005,CARTE D' OR Helado de yogur Tarrina 500 gr,0
2019-01-21,240,785,2.28,1789.8,Helado Haagen Dazs Cookies Tarrina 400 g,0
2019-01-21,101,303,3.66,1108.98,MAGNUM Helado White Chocolate & Cookies Tarrina 300 gr,0
2019-01-21,5684,270,3.5,945.0,DIA Helado Fresa Tarrina 1kg,0
2019-01-21,3636,167,2.6,434.2,CARTE D' OR Helado Stracciatella Tarrina 500 gr,0
2019-01-21,5019,87,2.43,211.41000000000003,DIA Helado Dulce de Leche Tarrina 500 g,0
2019-01-21,7118,0,,,Haagen Dazs Helado Fresa Tarrina 400 g,0
2019-01-28,2033,1473,2.39,3520.4700000000003,CARTE D' OR Helado de yogur Tarrina 500 gr,0
2019-01-28,240,984,2.24,2204.1600000000003,Helado Haagen Dazs Cookies Tarrina 400 g,0
2019-01-28,5684,266,3.69,981.54,DIA Helado Fresa Tarrina 1kg,0
2019-01-28,3636,190,2.6,494.0,CARTE D' OR Helado Stracciatella Tarrina 500 gr,0
2019-01-28,5019,127,2.43,308.61,DIA Helado Dulce de Leche Tarrina 500 g,0
2019-01-28,101,125,3.99,498.75,MAGNUM Helado White Chocolate & Cookies Tarrina 300 gr,0
2019-01-28,7118,0,,,Haagen Dazs Helado Fresa Tarrina 400 g,0
2019-02-04,2033,1561,2.47,3855.6700000000005,CARTE D' OR Helado de yogur Tarrina 500 gr,0
2019-02-04,240,904,2.27,2052.08,Helado Haagen Dazs Cookies Tarrina 400 g,0
2019-02-04,101,238,3.76,894.88,MAGNUM Helado White Chocolate & Cookies Tarrina 300 gr,0
2019-02-04,5684,206,3.94,811.64,DIA Helado Fresa Tarrina 1kg,0
2019-02-04,3636,185,2.64,488.40000000000003,CARTE D' OR Helado Stracciatella Tarrina 500 gr,0
2019-02-04,5019,117,2.47,288.99,DIA Helado Dulce de Leche Tarrina 500 g,0
2019-02-04,7118,0,,,Haagen Dazs Helado Fresa Tarrina 400 g,0
2019-02-11,2033,1593,2.47,3934.7100000000005,CARTE D' OR Helado de yogur Tarrina 500 gr,0
2019-02-11,240,832,2.31,1921.92,Helado Haagen Dazs Cookies Tarrina 400 g,0
2019-02-11,5684,330,4.0,1320.0,DIA Helado Fresa Tarrina 1kg,0
2019-02-11,3636,161,2.67,429.87,CARTE D' OR Helado Stracciatella Tarrina 500 gr,0
2019-02-11,101,150,4.04,606.0,MAGNUM Helado White Chocolate & Cookies Tarrina 300 gr,0
2019-02-11,5019,126,2.49,313.74,DIA Helado Dulce de Leche Tarrina 500 g,0
2019-02-11,7118,0,,,Haagen Dazs Helado Fresa Tarrina 400 g,0
2019-02-18,2033,1370,2.5,3425.0,CARTE D' OR Helado de yogur Tarrina 500 gr,0
2019-02-18,240,95300,2.32,221095.99999999997,Helado Haagen Dazs Cookies Tarrina 400 g,0
2019-02-18,5684,297,4.02,1193.9399999999998,DIA Helado Fresa Tarrina 1kg,0
2019-02-18,3636,208,2.67,555.36,CARTE D' OR Helado Stracciatella Tarrina 500 gr,0
2019-02-18,101,170,3.96,673.2,MAGNUM Helado White Chocolate & Cookies Tarrina 300 gr,0
2019-02-18,5019,142,2.45,347.90000000000003,DIA Helado Dulce de Leche Tarrina 500 g,0
2019-02-18,7118,0,,,Haagen Dazs Helado Fresa Tarrina 400 g,0
2019-02-25,2033,1713,2.46,4213.98,CARTE D' OR Helado de yogur Tarrina 500 gr,0
2019-02-25,240,941,2.32,2183.12,Helado Haagen Dazs Cookies Tarrina 400 g,0
2019-02-25,5684,319,3.99,1272.8100000000002,DIA Helado Fresa Tarrina 1kg,0
2019-02-25,3636,211,2.45,516.95,CARTE D' OR Helado Stracciatella Tarrina 500 gr,0
2019-02-25,101,175,4.06,710.4999999999999,MAGNUM Helado White Chocolate & Cookies Tarrina 300 gr,0
2019-02-25,5019,99,2.47,244.53000000000003,DIA Helado Dulce de Leche Tarrina 500 g,0
2019-02-25,7118,0,,,Haagen Dazs Helado Fresa Tarrina 400 g,0
2019-03-04,2033,1906,2.48,4726.88,CARTE D' OR Helado de yogur Tarrina 500 gr,0
2019-03-04,240,696,2.34,1628.6399999999999,Helado Haagen Dazs Cookies Tarrina 400 g,0
2019-03-04,3636,300,2.4,720.0,CARTE D' OR Helado Stracciatella Tarrina 500 gr,0
2019-03-04,5684,280,3.93,1100.4,DIA Helado Fresa Tarrina 1kg,0
2019-03-04,101,182,3.94,717.08,MAGNUM Helado White Chocolate & Cookies Tarrina 300 gr,0
2019-03-04,5019,107,2.5,267.5,DIA Helado Dulce de Leche Tarrina 500 g,0
2019-03-04,7118,0,,,Haagen Dazs Helado Fresa Tarrina 400 g,0
2019-03-11,2033,1411,2.5,3527.5,CARTE D' OR Helado de yogur Tarrina 500 gr,0
2019-03-11,240,725,2.38,1725.5,Helado Haagen Dazs Cookies Tarrina 400 g,0
2019-03-11,5684,292,3.92,1144.6399999999999,DIA Helado Fresa Tarrina 1kg,0
2019-03-11,3636,268,2.4,643.1999999999999,CARTE D' OR Helado Stracciatella Tarrina 500 gr,0
2019-03-11,101,197,3.97,782.09,MAGNUM Helado White Chocolate & Cookies Tarrina 300 gr,0
2019-03-11,5019,144,2.52,362.88,DIA Helado Dulce de Leche Tarrina 500 g,0
2019-03-11,7118,0,,,Haagen Dazs Helado Fresa Tarrina 400 g,0
2019-03-18,2033,1454,2.5,3635.0,CARTE D' OR Helado de yogur Tarrina 500 gr,0
2019-03-18,240,847,2.38,2015.86,Helado Haagen Dazs Cookies Tarrina 400 g,0
2019-03-18,3636,246,2.46,605.16,CARTE D' OR Helado Stracciatella Tarrina 500 gr,0
2019-03-18,5684,234,3.9,912.6,DIA Helado Fresa Tarrina 1kg,0
2019-03-18,101,178,4.06,722.68,MAGNUM Helado White Chocolate & Cookies Tarrina 300 gr,0
2019-03-18,5019,130,2.52,327.6,DIA Helado Dulce de Leche Tarrina 500 g,0
2019-03-18,7118,0,,,Haagen Dazs Helado Fresa Tarrina 400 g,0
2019-03-25,2033,1852,2.41,4463.320000000001,CARTE D' OR Helado de yogur Tarrina 500 gr,0
2019-03-25,240,997,2.3,2293.1,Helado Haagen Dazs Cookies Tarrina 400 g,0
2019-03-25,5684,335,3.56,1192.6,DIA Helado Fresa Tarrina 1kg,0
2019-03-25,3636,201,2.54,510.54,CARTE D' OR Helado Stracciatella Tarrina 500 gr,0
2019-03-25,101,152,4.05,615.6,MAGNUM Helado White Chocolate & Cookies Tarrina 300 gr,0
2019-03-25,5019,104,2.47,256.88,DIA Helado Dulce de Leche Tarrina 500 g,0
2019-03-25,7118,0,,,Haagen Dazs Helado Fresa Tarrina 400 g,0
2019-04-01,2033,2730,2.39,6524.700000000001,CARTE D' OR Helado de yogur Tarrina 500 gr,0
2019-04-01,240,1184,2.28,2699.52,Helado Haagen Dazs Cookies Tarrina 400 g,0
2019-04-01,5684,566,3.42,1935.72,DIA Helado Fresa Tarrina 1kg,0
2019-04-01,101,228,4.01,914.28,MAGNUM Helado White Chocolate & Cookies Tarrina 300 gr,0
2019-04-01,3636,212,2.62,555.44,CARTE D' OR Helado Stracciatella Tarrina 500 gr,0
2019-04-01,5019,166,2.46,408.36,DIA Helado Dulce de Leche Tarrina 500 g,0
2019-04-01,7118,0,,,Haagen Dazs Helado Fresa Tarrina 400 g,0
2019-04-08,2033,1901,2.42,4600.42,CARTE D' OR Helado de yogur Tarrina 500 gr,0
2019-04-08,240,953,2.31,2201.43,Helado Haagen Dazs Cookies Tarrina 400 g,0
2019-04-08,5684,376,3.38,1270.8799999999999,DIA Helado Fresa Tarrina 1kg,0
2019-04-08,3636,228,2.67,608.76,CARTE D' OR Helado Stracciatella Tarrina 500 gr,0
2019-04-08,101,219,3.99,873.8100000000001,MAGNUM Helado White Chocolate & Cookies Tarrina 300 gr,0
2019-04-08,5019,139,2.46,341.94,DIA Helado Dulce de Leche Tarrina 500 g,0
2019-04-08,7118,0,,,Haagen Dazs Helado Fresa Tarrina 400 g,0
2019-04-15,2033,1692,2.46,4162.32,CARTE D' OR Helado de yogur Tarrina 500 gr,0
2019-04-15,240,1076,2.31,2485.56,Helado Haagen Dazs Cookies Tarrina 400 g,0
2019-04-15,5684,357,3.64,1299.48,DIA Helado Fresa Tarrina 1kg,0
2019-04-15,3636,170,2.7,459.00000000000006,CARTE D' OR Helado Stracciatella Tarrina 500 gr,0
2019-04-15,101,148,4.07,602.36,MAGNUM Helado White Chocolate & Cookies Tarrina 300 gr,0
2019-04-15,5019,114,2.44,278.15999999999997,DIA Helado Dulce de Leche Tarrina 500 g,0
2019-04-15,7118,0,,,Haagen Dazs Helado Fresa Tarrina 400 g,0
2019-04-22,2033,1657,2.45,4059.65,CARTE D' OR Helado de yogur Tarrina 500 gr,0
2019-04-22,240,1089,2.31,2515.59,Helado Haagen Dazs Cookies Tarrina 400 g,0
2019-04-22,5684,327,3.72,1216.44,DIA Helado Fresa Tarrina 1kg,0
2019-04-22,3636,256,2.57,657.92,CARTE D' OR Helado Stracciatella Tarrina 500 gr,0
2019-04-22,101,207,4.07,842.49,MAGNUM Helado White Chocolate & Cookies Tarrina 300 gr,0
2019-04-22,5019,115,2.47,284.05,DIA Helado Dulce de Leche Tarrina 500 g,0
2019-04-22,7118,0,,,Haagen Dazs Helado Fresa Tarrina 400 g,0
2019-04-29,2033,1749,2.47,4320.030000000001,CARTE D' OR Helado de yogur Tarrina 500 gr,0
2019-04-29,240,1195,2.33,2784.35,Helado Haagen Dazs Cookies Tarrina 400 g,0
2019-04-29,5684,383,3.71,1420.93,DIA Helado Fresa Tarrina 1kg,0
2019-04-29,3636,336,2.47,829.9200000000001,CARTE D' OR Helado Stracciatella Tarrina 500 gr,0
2019-04-29,101,228,3.97,905.1600000000001,MAGNUM Helado White Chocolate & Cookies Tarrina 300 gr,0
2019-04-29,5019,179,2.5,447.5,DIA Helado Dulce de Leche Tarrina 500 g,0
2019-04-29,7118,0,,,Haagen Dazs Helado Fresa Tarrina 400 g,0
2019-05-06,2033,2008,2.48,4979.84,CARTE D' OR Helado de yogur Tarrina 500 gr,0
2019-05-06,240,1196,2.36,2822.56,Helado Haagen Dazs Cookies Tarrina 400 g,0
2019-05-06,3636,354,2.35,831.9,CARTE D' OR Helado Stracciatella Tarrina 500 gr,0
2019-05-06,5684,311,3.75,1166.25,DIA Helado Fresa Tarrina 1kg,0
2019-05-06,101,280,3.96,1108.8,MAGNUM Helado White Chocolate & Cookies Tarrina 300 gr,0
2019-05-06,5019,188,2.52,473.76,DIA Helado Dulce de Leche Tarrina 500 g,0
2019-05-06,7118,0,,,Haagen Dazs Helado Fresa Tarrina 400 g,0
2019-05-13,2033,2459,2.52,6196.68,CARTE D' OR Helado de yogur Tarrina 500 gr,0
2019-05-13,240,1163,2.36,2744.68,Helado Haagen Dazs Cookies Tarrina 400 g,0
2019-05-13,5684,401,3.95,1583.95,DIA Helado Fresa Tarrina 1kg,0
2019-05-13,3636,330,2.41,795.3000000000001,CARTE D' OR Helado Stracciatella Tarrina 500 gr,0
2019-05-13,101,309,3.93,1214.3700000000001,MAGNUM Helado White Chocolate & Cookies Tarrina 300 gr,0
2019-05-13,5019,149,2.52,375.48,DIA Helado Dulce de Leche Tarrina 500 g,0
2019-05-13,7118,0,,,Haagen Dazs Helado Fresa Tarrina 400 g,0
2019-05-20,2033,1759,2.48,4362.32,CARTE D' OR Helado de yogur Tarrina 500 gr,0
2019-05-20,240,908,2.37,2151.96,Helado Haagen Dazs Cookies Tarrina 400 g,0
2019-05-20,3636,345,2.4,828.0,CARTE D' OR Helado Stracciatella Tarrina 500 gr,0
2019-05-20,5684,305,3.79,1155.95,DIA Helado Fresa Tarrina 1kg,0
2019-05-20,101,232,4.03,934.96,MAGNUM Helado White Chocolate & Cookies Tarrina 300 gr,0
2019-05-20,5019,190,2.53,480.7,DIA Helado Dulce de Leche Tarrina 500 g,0
2019-05-20,7118,0,,,Haagen Dazs Helado Fresa Tarrina 400 g,0
2019-05-27,2033,1963,2.51,4927.129999999999,CARTE D' OR Helado de yogur Tarrina 500 gr,0
2019-05-27,240,912,2.38,2170.56,Helado Haagen Dazs Cookies Tarrina 400 g,0
2019-05-27,5684,353,3.86,1362.58,DIA Helado Fresa Tarrina 1kg,0
2019-05-27,3636,330,2.57,848.0999999999999,CARTE D' OR Helado Stracciatella Tarrina 500 gr,0
2019-05-27,101,204,3.9,795.6,MAGNUM Helado White Chocolate & Cookies Tarrina 300 gr,0
2019-05-27,5019,162,2.52,408.24,DIA Helado Dulce de Leche Tarrina 500 g,0
2019-05-27,7118,0,,,Haagen Dazs Helado Fresa Tarrina 400 g,0
2019-06-03,2033,1823,2.56,4666.88,CARTE D' OR Helado de yogur Tarrina 500 gr,0
2019-06-03,240,1136,2.42,2749.12,Helado Haagen Dazs Cookies Tarrina 400 g,0
2019-06-03,5684,405,3.93,1591.65,DIA Helado Fresa Tarrina 1kg,0
2019-06-03,3636,253,2.69,680.5699999999999,CARTE D' OR Helado Stracciatella Tarrina 500 gr,0
2019-06-03,101,233,3.86,899.38,MAGNUM Helado White Chocolate & Cookies Tarrina 300 gr,0
2019-06-03,5019,163,2.52,410.76,DIA Helado Dulce de Leche Tarrina 500 g,0
2019-06-03,7118,0,,,Haagen Dazs Helado Fresa Tarrina 400 g,0
2019-06-10,2033,2099,2.53,5310.469999999999,CARTE D' OR Helado de yogur Tarrina 500 gr,0
2019-06-10,240,1260,2.38,2998.7999999999997,Helado Haagen Dazs Cookies Tarrina 400 g,0
2019-06-10,5684,344,3.92,1348.48,DIA Helado Fresa Tarrina 1kg,0
2019-06-10,3636,290,2.73,791.7,CARTE D' OR Helado Stracciatella Tarrina 500 gr,0
2019-06-10,101,281,3.61,1014.41,MAGNUM Helado White Chocolate & Cookies Tarrina 300 gr,0
2019-06-10,5019,157,2.44,383.08,DIA Helado Dulce de Leche Tarrina 500 g,0
2019-06-10,7118,0,,,Haagen Dazs Helado Fresa Tarrina 400 g,0
2019-06-17,2033,2061,2.49,5131.89,CARTE D' OR Helado de yogur Tarrina 500 gr,0
2019-06-17,240,962,2.34,2251.08,Helado Haagen Dazs Cookies Tarrina 400 g,0
2019-06-17,5684,307,3.92,1203.44,DIA Helado Fresa Tarrina 1kg,0
2019-06-17,101,281,3.66,1028.46,MAGNUM Helado White Chocolate & Cookies Tarrina 300 gr,0
2019-06-17,3636,279,2.73,761.67,CARTE D' OR Helado Stracciatella Tarrina 500 gr,0
2019-06-17,5019,210,2.4,504.0,DIA Helado Dulce de Leche Tarrina 500 g,0
2019-06-17,7118,0,,,Haagen Dazs Helado Fresa Tarrina 400 g,0
2019-06-24,2033,2587,2.46,6364.0199999999995,CARTE D' OR Helado de yogur Tarrina 500 gr,0
2019-06-24,240,1284,2.38,3055.92,Helado Haagen Dazs Cookies Tarrina 400 g,0
2019-06-24,5684,652,3.64,2373.28,DIA Helado Fresa Tarrina 1kg,0
2019-06-24,3636,400,2.67,1068.0,CARTE D' OR Helado Stracciatella Tarrina 500 gr,0
2019-06-24,101,362,3.73,1350.26,MAGNUM Helado White Chocolate & Cookies Tarrina 300 gr,0
2019-06-24,5019,213,2.46,523.98,DIA Helado Dulce de Leche Tarrina 500 g,0
2019-06-24,7118,0,,,Haagen Dazs Helado Fresa Tarrina 400 g,0
2019-07-01,2033,3138,2.48,7782.24,CARTE D' OR Helado de yogur Tarrina 500 gr,0
2019-07-01,240,1407,2.43,3419.01,Helado Haagen Dazs Cookies Tarrina 400 g,0
2019-07-01,5684,469,3.45,1618.0500000000002,DIA Helado Fresa Tarrina 1kg,0
2019-07-01,3636,384,2.55,979.1999999999999,CARTE D' OR Helado Stracciatella Tarrina 500 gr,0
2019-07-01,101,348,3.97,1381.5600000000002,MAGNUM Helado White Chocolate & Cookies Tarrina 300 gr,0
2019-07-01,5019,210,2.51,527.0999999999999,DIA Helado Dulce de Leche Tarrina 500 g,0
2019-07-01,7118,0,,,Haagen Dazs Helado Fresa Tarrina 400 g,0
2019-07-08,2033,3146,2.48,7802.08,CARTE D' OR Helado de yogur Tarrina 500 gr,0
2019-07-08,240,1322,2.43,3212.46,Helado Haagen Dazs Cookies Tarrina 400 g,0
2019-07-08,5684,496,3.49,1731.0400000000002,DIA Helado Fresa Tarrina 1kg,0
2019-07-08,3636,410,2.56,1049.6,CARTE D' OR Helado Stracciatella Tarrina 500 gr,0
2019-07-08,101,345,4.02,1386.8999999999999,MAGNUM Helado White Chocolate & Cookies Tarrina 300 gr,0
2019-07-08,5019,206,2.52,519.12,DIA Helado Dulce de Leche Tarrina 500 g,0
2019-07-08,7118,0,,,Haagen Dazs Helado Fresa Tarrina 400 g,0
2019-07-15,2033,2451,2.47,6053.97,CARTE D' OR Helado de yogur Tarrina 500 gr,0
2019-07-15,240,1668,2.42,4036.56,Helado Haagen Dazs Cookies Tarrina 400 g,0
2019-07-15,5684,577,3.63,2094.5099999999998,DIA Helado Fresa Tarrina 1kg,0
2019-07-15,3636,386,2.38,918.68,CARTE D' OR Helado Stracciatella Tarrina 500 gr,0
2019-07-15,101,288,4.01,1154.8799999999999,MAGNUM Helado White Chocolate & Cookies Tarrina 300 gr,0
2019-07-15,5019,209,2.52,526.68,DIA Helado Dulce de Leche Tarrina 500 g,0
2019-07-15,7118,0,,,Haagen Dazs Helado Fresa Tarrina 400 g,0
2019-07-22,2033,2612,2.46,6425.5199999999995,CARTE D' OR Helado de yogur Tarrina 500 gr,0
2019-07-22,240,1229,2.38,2925.02,Helado Haagen Dazs Cookies Tarrina 400 g,0
2019-07-22,5684,483,3.73,1801.59,DIA Helado Fresa Tarrina 1kg,0
2019-07-22,3636,471,2.36,1111.56,CARTE D' OR Helado Stracciatella Tarrina 500 gr,0
2019-07-22,101,270,3.99,1077.3,MAGNUM Helado White Chocolate & Cookies Tarrina 300 gr,0
2019-07-22,5019,239,2.48,592.72,DIA Helado Dulce de Leche Tarrina 500 g,0
2019-07-22,7118,0,,,Haagen Dazs Helado Fresa Tarrina 400 g,0
2019-07-29,2033,2434,2.46,5987.64,CARTE D' OR Helado de yogur Tarrina 500 gr,0
2019-07-29,240,1420,2.35,3337.0,Helado Haagen Dazs Cookies Tarrina 400 g,0
2019-07-29,5684,443,3.69,1634.67,DIA Helado Fresa Tarrina 1kg,0
2019-07-29,3636,408,2.49,1015.9200000000001,CARTE D' OR Helado Stracciatella Tarrina 500 gr,0
2019-07-29,101,274,3.85,1054.9,MAGNUM Helado White Chocolate & Cookies Tarrina 300 gr,0
2019-07-29,5019,265,2.46,651.9,DIA Helado Dulce de Leche Tarrina 500 g,0
2019-07-29,7118,0,,,Haagen Dazs Helado Fresa Tarrina 400 g,0
2019-08-05,2033,3121,2.5,7802.5,CARTE D' OR Helado de yogur Tarrina 500 gr,0
2019-08-05,240,1686,2.35,3962.1000000000004,Helado Haagen Dazs Cookies Tarrina 400 g,0
2019-08-05,5684,441,3.78,1666.98,DIA Helado Fresa Tarrina 1kg,0
2019-08-05,3636,440,2.62,1152.8,CARTE D' OR Helado Stracciatella Tarrina 500 gr,0
2019-08-05,101,409,3.66,1496.94,MAGNUM Helado White Chocolate & Cookies Tarrina 300 gr,0
2019-08-05,5019,260,2.45,637.0,DIA Helado Dulce de Leche Tarrina 500 g,0
2019-08-05,7118,0,,,Haagen Dazs Helado Fresa Tarrina 400 g,0
2019-08-12,2033,2441,2.46,6004.86,CARTE D' OR Helado de yogur Tarrina 500 gr,0
2019-08-12,240,1750,2.3,4024.9999999999995,Helado Haagen Dazs Cookies Tarrina 400 g,0
2019-08-12,5684,591,3.79,2239.89,DIA Helado Fresa Tarrina 1kg,0
2019-08-12,3636,429,2.71,1162.59,CARTE D' OR Helado Stracciatella Tarrina 500 gr,0
2019-08-12,101,285,4.01,1142.85,MAGNUM Helado White Chocolate & Cookies Tarrina 300 gr,0
2019-08-12,5019,235,2.47,580.45,DIA Helado Dulce de Leche Tarrina 500 g,0
2019-08-12,7118,0,,,Haagen Dazs Helado Fresa Tarrina 400 g,0
2019-08-19,2033,2610,2.47,6446.700000000001,CARTE D' OR Helado de yogur Tarrina 500 gr,0
2019-08-19,240,1422,2.29,3256.38,Helado Haagen Dazs Cookies Tarrina 400 g,0
2019-08-19,5684,465,3.79,1762.35,DIA Helado Fresa Tarrina 1kg,0
2019-08-19,101,310,4.05,1255.5,MAGNUM Helado White Chocolate & Cookies Tarrina 300 gr,0
2019-08-19,3636,274,2.77,758.98,CARTE D' OR Helado Stracciatella Tarrina 500 gr,0
2019-08-19,5019,207,2.46,509.21999999999997,DIA Helado Dulce de Leche Tarrina 500 g,0
2019-08-19,7118,0,,,Haagen Dazs Helado Fresa Tarrina 400 g,0
2019-08-26,2033,2865,2.49,7133.85,CARTE D' OR Helado de yogur Tarrina 500 gr,0
2019-08-26,240,1358,2.37,3218.46,Helado Haagen Dazs Cookies Tarrina 400 g,0
2019-08-26,5684,663,3.52,2333.76,DIA Helado Fresa Tarrina 1kg,0
2019-08-26,101,424,3.74,1585.76,MAGNUM Helado White Chocolate & Cookies Tarrina 300 gr,0
2019-08-26,3636,345,2.64,910.8000000000001,CARTE D' OR Helado Stracciatella Tarrina 500 gr,0
2019-08-26,5019,198,2.5,495.0,DIA Helado Dulce de Leche Tarrina 500 g,0
2019-08-26,7118,0,,,Haagen Dazs Helado Fresa Tarrina 400 g,0
2019-09-02,2033,2683,2.47,6627.01,CARTE D' OR Helado de yogur Tarrina 500 gr,0
2019-09-02,240,1212,2.44,2957.2799999999997,Helado Haagen Dazs Cookies Tarrina 400 g,0
2019-09-02,5684,500,3.42,1710.0,DIA Helado Fresa Tarrina 1kg,0
2019-09-02,101,340,3.78,1285.2,MAGNUM Helado White Chocolate & Cookies Tarrina 300 gr,0
2019-09-02,3636,298,2.58,768.84,CARTE D' OR Helado Stracciatella Tarrina 500 gr,0
2019-09-02,5019,214,2.52,539.28,DIA Helado Dulce de Leche Tarrina 500 g,0
2019-09-02,7118,0,,,Haagen Dazs Helado Fresa Tarrina 400 g,0
2019-09-09,2033,2042,2.48,5064.16,CARTE D' OR Helado de yogur Tarrina 500 gr,0
2019-09-09,240,1110,2.43,2697.3,Helado Haagen Dazs Cookies Tarrina 400 g,0
2019-09-09,5684,527,3.55,1870.85,DIA Helado Fresa Tarrina 1kg,0
2019-09-09,3636,303,2.67,809.01,CARTE D' OR Helado Stracciatella Tarrina 500 gr,0
2019-09-09,101,273,3.71,1012.83,MAGNUM Helado White Chocolate & Cookies Tarrina 300 gr,0
2019-09-09,5019,176,2.51,441.76,DIA Helado Dulce de Leche Tarrina 500 g,0
2019-09-09,7118,0,,,Haagen Dazs Helado Fresa Tarrina 400 g,0
2019-09-16,2033,2139,2.52,5390.28,CARTE D' OR Helado de yogur Tarrina 500 gr,0
2019-09-16,240,845,2.43,2053.35,Helado Haagen Dazs Cookies Tarrina 400 g,0
2019-09-16,5684,445,3.73,1659.85,DIA Helado Fresa Tarrina 1kg,0
2019-09-16,101,284,3.65,1036.6,MAGNUM Helado White Chocolate & Cookies Tarrina 300 gr,0
2019-09-16,3636,210,2.74,575.4000000000001,CARTE D' OR Helado Stracciatella Tarrina 500 gr,0
2019-09-16,5019,173,2.51,434.22999999999996,DIA Helado Dulce de Leche Tarrina 500 g,0
2019-09-16,7118,0,,,Haagen Dazs Helado Fresa Tarrina 400 g,0
2019-09-23,2033,1736,2.5,4340.0,CARTE D' OR Helado de yogur Tarrina 500 gr,0
2019-09-23,240,956,2.38,2275.2799999999997,Helado Haagen Dazs Cookies Tarrina 400 g,0
2019-09-23,5684,417,3.78,1576.26,DIA Helado Fresa Tarrina 1kg,0
2019-09-23,3636,291,2.7,785.7,CARTE D' OR Helado Stracciatella Tarrina 500 gr,0
2019-09-23,101,230,3.66,841.8000000000001,MAGNUM Helado White Chocolate & Cookies Tarrina 300 gr,0
2019-09-23,5019,177,2.51,444.27,DIA Helado Dulce de Leche Tarrina 500 g,0
2019-09-23,7118,0,,,Haagen Dazs Helado Fresa Tarrina 400 g,0
2019-09-30,2033,1734,2.51,4352.339999999999,CARTE D' OR Helado de yogur Tarrina 500 gr,0
2019-09-30,240,967,2.39,2311.13,Helado Haagen Dazs Cookies Tarrina 400 g,0
2019-09-30,5684,309,3.77,1164.93,DIA Helado Fresa Tarrina 1kg,0
2019-09-30,3636,219,2.71,593.49,CARTE D' OR Helado Stracciatella Tarrina 500 gr,0
2019-09-30,101,203,3.95,801.85,MAGNUM Helado White Chocolate & Cookies Tarrina 300 gr,0
2019-09-30,5019,159,2.51,399.09,DIA Helado Dulce de Leche Tarrina 500 g,0
2019-09-30,7118,0,,,Haagen Dazs Helado Fresa Tarrina 400 g,0
2019-10-07,2033,2210,2.54,5613.4,CARTE D' OR Helado de yogur Tarrina 500 gr,0
2019-10-07,240,969,2.39,2315.9100000000003,Helado Haagen Dazs Cookies Tarrina 400 g,0
2019-10-07,5684,377,3.87,1458.99,DIA Helado Fresa Tarrina 1kg,0
2019-10-07,3636,309,2.75,849.75,CARTE D' OR Helado Stracciatella Tarrina 500 gr,0
2019-10-07,5019,179,2.5,447.5,DIA Helado Dulce de Leche Tarrina 500 g,0
2019-10-07,101,173,4.06,702.3799999999999,MAGNUM Helado White Chocolate & Cookies Tarrina 300 gr,0
2019-10-07,7118,0,,,Haagen Dazs Helado Fresa Tarrina 400 g,0
2019-10-14,2033,1225,2.55,3123.75,CARTE D' OR Helado de yogur Tarrina 500 gr,0
2019-10-14,240,703,2.39,1680.17,Helado Haagen Dazs Cookies Tarrina 400 g,0
2019-10-14,5684,325,3.87,1257.75,DIA Helado Fresa Tarrina 1kg,0
2019-10-14,3636,241,2.74,660.34,CARTE D' OR Helado Stracciatella Tarrina 500 gr,0
2019-10-14,101,200,4.07,814.0,MAGNUM Helado White Chocolate & Cookies Tarrina 300 gr,0
2019-10-14,5019,138,2.5,345.0,DIA Helado Dulce de Leche Tarrina 500 g,0
2019-10-14,7118,0,,,Haagen Dazs Helado Fresa Tarrina 400 g,0
2019-10-21,2033,1732,2.58,4468.56,CARTE D' OR Helado de yogur Tarrina 500 gr,0
2019-10-21,240,699,2.37,1656.63,Helado Haagen Dazs Cookies Tarrina 400 g,0
2019-10-21,5684,303,3.92,1187.76,DIA Helado Fresa Tarrina 1kg,0
2019-10-21,101,267,3.63,969.2099999999999,MAGNUM Helado White Chocolate & Cookies Tarrina 300 gr,0
2019-10-21,3636,242,2.73,660.66,CARTE D' OR Helado Stracciatella Tarrina 500 gr,0
2019-10-21,5019,138,2.51,346.38,DIA Helado Dulce de Leche Tarrina 500 g,0
2019-10-21,7118,0,,,Haagen Dazs Helado Fresa Tarrina 400 g,0
2019-10-28,2033,1403,2.51,3521.5299999999997,CARTE D' OR Helado de yogur Tarrina 500 gr,0
2019-10-28,240,789,2.43,1917.2700000000002,Helado Haagen Dazs Cookies Tarrina 400 g,0
2019-10-28,5684,418,3.69,1542.42,DIA Helado Fresa Tarrina 1kg,0
2019-10-28,3636,226,2.61,589.86,CARTE D' OR Helado Stracciatella Tarrina 500 gr,0
2019-10-28,101,194,4.08,791.52,MAGNUM Helado White Chocolate & Cookies Tarrina 300 gr,0
2019-10-28,5019,134,2.53,339.02,DIA Helado Dulce de Leche Tarrina 500 g,0
2019-10-28,7118,0,,,Haagen Dazs Helado Fresa Tarrina 400 g,0
2019-11-04,2033,1815,2.54,4610.1,CARTE D' OR Helado de yogur Tarrina 500 gr,0
2019-11-04,240,655,2.47,1617.8500000000001,Helado Haagen Dazs Cookies Tarrina 400 g,0
2019-11-04,5684,289,3.71,1072.19,DIA Helado Fresa Tarrina 1kg,0
2019-11-04,3636,243,2.54,617.22,CARTE D' OR Helado Stracciatella Tarrina 500 gr,0
2019-11-04,101,211,4.04,852.44,MAGNUM Helado White Chocolate & Cookies Tarrina 300 gr,0
2019-11-04,5019,120,2.54,304.8,DIA Helado Dulce de Leche Tarrina 500 g,0
2019-11-04,7118,0,,,Haagen Dazs Helado Fresa Tarrina 400 g,0
2019-11-11,2033,1644,2.5,4110.0,CARTE D' OR Helado de yogur Tarrina 500 gr,0
2019-11-11,240,874,2.47,2158.78,Helado Haagen Dazs Cookies Tarrina 400 g,0
2019-11-11,3636,326,2.43,792.1800000000001,CARTE D' OR Helado Stracciatella Tarrina 500 gr,0
2019-11-11,5684,324,3.64,1179.3600000000001,DIA Helado Fresa Tarrina 1kg,0
2019-11-11,101,191,4.08,779.28,MAGNUM Helado White Chocolate & Cookies Tarrina 300 gr,0
2019-11-11,5019,143,2.54,363.22,DIA Helado Dulce de Leche Tarrina 500 g,0
2019-11-11,7118,0,,,Haagen Dazs Helado Fresa Tarrina 400 g,0
2019-11-18,2033,1455,2.5,3637.5,CARTE D' OR Helado de yogur Tarrina 500 gr,0
2019-11-18,240,740,2.45,1813.0000000000002,Helado Haagen Dazs Cookies Tarrina 400 g,0
2019-11-18,5684,280,3.61,1010.8,DIA Helado Fresa Tarrina 1kg,0
2019-11-18,3636,217,2.48,538.16,CARTE D' OR Helado Stracciatella Tarrina 500 gr,0
2019-11-18,101,174,4.09,711.66,MAGNUM Helado White Chocolate & Cookies Tarrina 300 gr,0
2019-11-18,5019,141,2.54,358.14,DIA Helado Dulce de Leche Tarrina 500 g,0
2019-11-18,7118,0,,,Haagen Dazs Helado Fresa Tarrina 400 g,0
2019-11-25,2033,1665,2.48,4129.2,CARTE D' OR Helado de yogur Tarrina 500 gr,0
2019-11-25,240,897,2.35,2107.9500000000003,Helado Haagen Dazs Cookies Tarrina 400 g,0
2019-11-25,5684,313,3.62,1133.06,DIA Helado Fresa Tarrina 1kg,0
2019-11-25,3636,198,2.65,524.6999999999999,CARTE D' OR Helado Stracciatella Tarrina 500 gr,0
2019-11-25,101,195,4.01,781.9499999999999,MAGNUM Helado White Chocolate & Cookies Tarrina 300 gr,0
2019-11-25,5019,92,2.51,230.92,DIA Helado Dulce de Leche Tarrina 500 g,0
2019-11-25,7118,0,,,Haagen Dazs Helado Fresa Tarrina 400 g,0
2019-12-02,2033,2054,2.47,5073.38,CARTE D' OR Helado de yogur Tarrina 500 gr,0
2019-12-02,240,868,2.33,2022.44,Helado Haagen Dazs Cookies Tarrina 400 g,0
2019-12-02,5684,344,3.56,1224.64,DIA Helado Fresa Tarrina 1kg,0
2019-12-02,3636,287,2.71,777.77,CARTE D' OR Helado Stracciatella Tarrina 500 gr,0
2019-12-02,101,232,3.92,909.4399999999999,MAGNUM Helado White Chocolate & Cookies Tarrina 300 gr,0
2019-12-02,5019,114,2.48,282.71999999999997,DIA Helado Dulce de Leche Tarrina 500 g,0
2019-12-02,7118,0,,,Haagen Dazs Helado Fresa Tarrina 400 g,0
2019-12-09,2033,2005,2.52,5052.6,CARTE D' OR Helado de yogur Tarrina 500 gr,0
2019-12-09,240,797,2.38,1896.86,Helado Haagen Dazs Cookies Tarrina 400 g,0
2019-12-09,5684,314,3.52,1105.28,DIA Helado Fresa Tarrina 1kg,0
2019-12-09,3636,245,2.71,663.95,CARTE D' OR Helado Stracciatella Tarrina 500 gr,0
2019-12-09,101,243,3.85,935.5500000000001,MAGNUM Helado White Chocolate & Cookies Tarrina 300 gr,0
2019-12-09,5019,136,2.49,338.64000000000004,DIA Helado Dulce de Leche Tarrina 500 g,0
2019-12-09,7118,0,,,Haagen Dazs Helado Fresa Tarrina 400 g,0
2019-12-16,2033,2045,2.49,5092.05,CARTE D' OR Helado de yogur Tarrina 500 gr,1
2019-12-16,240,1390,2.35,3266.5,Helado Haagen Dazs Cookies Tarrina 400 g,1
2019-12-16,3636,440,2.72,1196.8000000000002,CARTE D' OR Helado Stracciatella Tarrina 500 gr,1
2019-12-16,5684,425,3.46,1470.5,DIA Helado Fresa Tarrina 1kg,1
2019-12-16,101,308,3.67,1130.36,MAGNUM Helado White Chocolate & Cookies Tarrina 300 gr,1
2019-12-16,5019,153,2.47,377.91,DIA Helado Dulce de Leche Tarrina 500 g,1
2019-12-16,7118,0,,,Haagen Dazs Helado Fresa Tarrina 400 g,1
2019-12-23,2033,3574,2.48,8863.52,CARTE D' OR Helado de yogur Tarrina 500 gr,1
2019-12-23,240,1645,2.3,3783.4999999999995,Helado Haagen Dazs Cookies Tarrina 400 g,1
2019-12-23,5684,716,3.7,2649.2000000000003,DIA Helado Fresa Tarrina 1kg,1
2019-12-23,101,596,3.65,2175.4,MAGNUM Helado White Chocolate & Cookies Tarrina 300 gr,1
2019-12-23,3636,376,2.74,1030.24,CARTE D' OR Helado Stracciatella Tarrina 500 gr,1
2019-12-23,5019,132,2.44,322.08,DIA Helado Dulce de Leche Tarrina 500 g,1
2019-12-23,7118,0,,,Haagen Dazs Helado Fresa Tarrina 400 g,1
2019-12-30,2033,3329,2.43,8089.47,CARTE D' OR Helado de yogur Tarrina 500 gr,0
2019-12-30,240,1682,2.28,3834.9599999999996,Helado Haagen Dazs Cookies Tarrina 400 g,0
2019-12-30,5684,797,3.78,3012.66,DIA Helado Fresa Tarrina 1kg,0
2019-12-30,3636,437,2.65,1158.05,CARTE D' OR Helado Stracciatella Tarrina 500 gr,0
2019-12-30,101,389,3.69,1435.41,MAGNUM Helado White Chocolate & Cookies Tarrina 300 gr,0
2019-12-30,5019,133,2.43,323.19,DIA Helado Dulce de Leche Tarrina 500 g,0
2019-12-30,7118,0,,,Haagen Dazs Helado Fresa Tarrina 400 g,0
2020-01-06,2033,1906,2.45,4669.700000000001,CARTE D' OR Helado de yogur Tarrina 500 gr,0
2020-01-06,240,852,2.37,2019.24,Helado Haagen Dazs Cookies Tarrina 400 g,0
2020-01-06,3636,348,2.34,814.3199999999999,CARTE D' OR Helado Stracciatella Tarrina 500 gr,0
2020-01-06,5684,301,3.69,1110.69,DIA Helado Fresa Tarrina 1kg,0
2020-01-06,101,225,3.84,864.0,MAGNUM Helado White Chocolate & Cookies Tarrina 300 gr,0
2020-01-06,5019,136,2.5,340.0,DIA Helado Dulce de Leche Tarrina 500 g,0
2020-01-06,7118,0,,,Haagen Dazs Helado Fresa Tarrina 400 g,0
2020-01-13,2033,1762,2.49,4387.38,CARTE D' OR Helado de yogur Tarrina 500 gr,0
2020-01-13,240,623,2.47,1538.8100000000002,Helado Haagen Dazs Cookies Tarrina 400 g,0
2020-01-13,3636,410,2.25,922.5,CARTE D' OR Helado Stracciatella Tarrina 500 gr,0
2020-01-13,5684,259,3.79,981.61,DIA Helado Fresa Tarrina 1kg,0
2020-01-13,101,183,4.02,735.66,MAGNUM Helado White Chocolate & Cookies Tarrina 300 gr,0
2020-01-13,5019,110,2.54,279.4,DIA Helado Dulce de Leche Tarrina 500 g,0
2020-01-13,7118,0,,,Haagen Dazs Helado Fresa Tarrina 400 g,0
2020-01-20,2033,1587,2.51,3983.3699999999994,CARTE D' OR Helado de yogur Tarrina 500 gr,0
2020-01-20,240,649,2.47,1603.0300000000002,Helado Haagen Dazs Cookies Tarrina 400 g,0
2020-01-20,5684,323,3.68,1188.64,DIA Helado Fresa Tarrina 1kg,0
2020-01-20,3636,311,2.46,765.06,CARTE D' OR Helado Stracciatella Tarrina 500 gr,0
2020-01-20,101,130,4.07,529.1,MAGNUM Helado White Chocolate & Cookies Tarrina 300 gr,0
2020-01-20,5019,110,2.55,280.5,DIA Helado Dulce de Leche Tarrina 500 g,0
2020-01-20,7118,0,,,Haagen Dazs Helado Fresa Tarrina 400 g,0
2020-01-27,2033,1684,2.55,4294.2,CARTE D' OR Helado de yogur Tarrina 500 gr,0
2020-01-27,240,675,2.46,1660.5,Helado Haagen Dazs Cookies Tarrina 400 g,0
2020-01-27,5684,299,3.81,1139.19,DIA Helado Fresa Tarrina 1kg,0
2020-01-27,3636,299,2.55,762.4499999999999,CARTE D' OR Helado Stracciatella Tarrina 500 gr,0
2020-01-27,101,153,4.06,621.18,MAGNUM Helado White Chocolate & Cookies Tarrina 300 gr,0
2020-01-27,5019,146,2.51,366.46,DIA Helado Dulce de Leche Tarrina 500 g,0
2020-01-27,7118,0,,,Haagen Dazs Helado Fresa Tarrina 400 g,0
2020-02-10,2033,1656,2.61,4322.16,CARTE D' OR Helado de yogur Tarrina 500 gr,0
2020-02-10,240,881,2.52,2220.12,Helado Haagen Dazs Cookies Tarrina 400 g,0
2020-02-10,5684,358,3.86,1381.8799999999999,DIA Helado Fresa Tarrina 1kg,0
2020-02-10,3636,257,2.77,711.89,CARTE D' OR Helado Stracciatella Tarrina 500 gr,0
2020-02-10,101,165,4.09,674.85,MAGNUM Helado White Chocolate & Cookies Tarrina 300 gr,0
2020-02-10,5019,118,2.56,302.08,DIA Helado Dulce de Leche Tarrina 500 g,0
2020-02-10,7118,0,,,Haagen Dazs Helado Fresa Tarrina 400 g,0
2020-02-17,2033,1612,2.66,4287.92,CARTE D' OR Helado de yogur Tarrina 500 gr,0
2020-02-17,240,568,2.58,1465.44,Helado Haagen Dazs Cookies Tarrina 400 g,0
2020-02-17,5684,290,3.95,1145.5,DIA Helado Fresa Tarrina 1kg,0
2020-02-17,3636,199,2.78,553.2199999999999,CARTE D' OR Helado Stracciatella Tarrina 500 gr,0
2020-02-17,101,158,4.11,649.38,MAGNUM Helado White Chocolate & Cookies Tarrina 300 gr,0
2020-02-17,5019,134,2.61,349.74,DIA Helado Dulce de Leche Tarrina 500 g,0
2020-02-17,7118,0,,,Haagen Dazs Helado Fresa Tarrina 400 g,0
2020-02-24,2033,1493,2.63,3926.5899999999997,CARTE D' OR Helado de yogur Tarrina 500 gr,0
2020-02-24,240,851,2.51,2136.0099999999998,Helado Haagen Dazs Cookies Tarrina 400 g,0
2020-02-24,3636,296,2.74,811.0400000000001,CARTE D' OR Helado Stracciatella Tarrina 500 gr,0
2020-02-24,5684,267,4.04,1078.68,DIA Helado Fresa Tarrina 1kg,0
2020-02-24,101,205,4.0,820.0,MAGNUM Helado White Chocolate & Cookies Tarrina 300 gr,0
2020-02-24,5019,171,2.59,442.89,DIA Helado Dulce de Leche Tarrina 500 g,0
2020-02-24,7118,0,,,Haagen Dazs Helado Fresa Tarrina 400 g,0
2020-03-02,2033,1355,2.58,3495.9,CARTE D' OR Helado de yogur Tarrina 500 gr,0
2020-03-02,240,881,2.45,2158.4500000000003,Helado Haagen Dazs Cookies Tarrina 400 g,0
2020-03-02,5684,340,4.04,1373.6,DIA Helado Fresa Tarrina 1kg,0
2020-03-02,3636,216,2.7,583.2,CARTE D' OR Helado Stracciatella Tarrina 500 gr,0
2020-03-02,101,161,4.0,644.0,MAGNUM Helado White Chocolate & Cookies Tarrina 300 gr,0
2020-03-02,5019,142,2.59,367.78,DIA Helado Dulce de Leche Tarrina 500 g,0
2020-03-02,7118,0,,,Haagen Dazs Helado Fresa Tarrina 400 g,0
2020-03-09,2033,1303,2.59,3374.77,CARTE D' OR Helado de yogur Tarrina 500 gr,0
2020-03-09,240,648,2.49,1613.5200000000002,Helado Haagen Dazs Cookies Tarrina 400 g,0
2020-03-09,5684,299,4.0,1196.0,DIA Helado Fresa Tarrina 1kg,0
2020-03-09,3636,199,2.69,535.31,CARTE D' OR Helado Stracciatella Tarrina 500 gr,0
2020-03-09,5019,163,2.58,420.54,DIA Helado Dulce de Leche Tarrina 500 g,0
2020-03-09,101,139,3.99,554.61,MAGNUM Helado White Chocolate & Cookies Tarrina 300 gr,0
2020-03-09,7118,0,,,Haagen Dazs Helado Fresa Tarrina 400 g,0
2020-03-16,2033,1497,2.57,3847.29,CARTE D' OR Helado de yogur Tarrina 500 gr,0
2020-03-16,240,747,2.45,1830.15,Helado Haagen Dazs Cookies Tarrina 400 g,0
2020-03-16,5684,264,4.0,1056.0,DIA Helado Fresa Tarrina 1kg,0
2020-03-16,3636,217,2.72,590.24,CARTE D' OR Helado Stracciatella Tarrina 500 gr,0
2020-03-16,101,199,3.7,736.3000000000001,MAGNUM Helado White Chocolate & Cookies Tarrina 300 gr,0
2020-03-16,5019,168,2.47,414.96000000000004,DIA Helado Dulce de Leche Tarrina 500 g,0
2020-03-16,7118,0,,,Haagen Dazs Helado Fresa Tarrina 400 g,0
2020-03-23,2033,1931,2.55,4924.049999999999,CARTE D' OR Helado de yogur Tarrina 500 gr,0
2020-03-23,240,1057,2.43,2568.51,Helado Haagen Dazs Cookies Tarrina 400 g,0
2020-03-23,5684,526,4.05,2130.2999999999997,DIA Helado Fresa Tarrina 1kg,0
2020-03-23,3636,369,2.73,1007.37,CARTE D' OR Helado Stracciatella Tarrina 500 gr,0
2020-03-23,101,243,3.67,891.81,MAGNUM Helado White Chocolate & Cookies Tarrina 300 gr,0
2020-03-23,5019,187,2.44,456.28,DIA Helado Dulce de Leche Tarrina 500 g,0
2020-03-23,7118,0,,,Haagen Dazs Helado Fresa Tarrina 400 g,0
2020-03-30,2033,1644,2.55,4192.2,CARTE D' OR Helado de yogur Tarrina 500 gr,0
2020-03-30,240,753,2.46,1852.3799999999999,Helado Haagen Dazs Cookies Tarrina 400 g,0
2020-03-30,5684,389,3.91,1520.99,DIA Helado Fresa Tarrina 1kg,0
2020-03-30,3636,280,2.57,719.5999999999999,CARTE D' OR Helado Stracciatella Tarrina 500 gr,0
2020-03-30,101,242,3.73,902.66,MAGNUM Helado White Chocolate & Cookies Tarrina 300 gr,0
2020-03-30,5019,186,2.46,457.56,DIA Helado Dulce de Leche Tarrina 500 g,0
2020-03-30,7118,0,,,Haagen Dazs Helado Fresa Tarrina 400 g,0
2020-04-06,2033,1681,2.62,4404.22,CARTE D' OR Helado de yogur Tarrina 500 gr,0
2020-04-06,240,880,2.6,2288.0,Helado Haagen Dazs Cookies Tarrina 400 g,0
2020-04-06,5684,377,3.92,1477.84,DIA Helado Fresa Tarrina 1kg,0
2020-04-06,3636,268,2.56,686.08,CARTE D' OR Helado Stracciatella Tarrina 500 gr,0
2020-04-06,101,201,4.03,810.0300000000001,MAGNUM Helado White Chocolate & Cookies Tarrina 300 gr,0
2020-04-06,5019,188,2.61,490.67999999999995,DIA Helado Dulce de Leche Tarrina 500 g,0
2020-04-06,7118,0,,,Haagen Dazs Helado Fresa Tarrina 400 g,0
2020-04-13,2033,1524,2.6,3962.4,CARTE D' OR Helado de yogur Tarrina 500 gr,0
2020-04-13,240,732,2.62,1917.8400000000001,Helado Haagen Dazs Cookies Tarrina 400 g,0
2020-04-13,5684,410,3.95,1619.5,DIA Helado Fresa Tarrina 1kg,0
2020-04-13,3636,359,2.38,854.42,CARTE D' OR Helado Stracciatella Tarrina 500 gr,0
2020-04-13,101,177,4.05,716.85,MAGNUM Helado White Chocolate & Cookies Tarrina 300 gr,0
2020-04-13,5019,161,2.64,425.04,DIA Helado Dulce de Leche Tarrina 500 g,0
2020-04-13,7118,0,,,Haagen Dazs Helado Fresa Tarrina 400 g,0
2020-04-20,2033,1416,2.58,3653.28,CARTE D' OR Helado de yogur Tarrina 500 gr,0
2020-04-20,240,732,2.61,1910.52,Helado Haagen Dazs Cookies Tarrina 400 g,0
2020-04-20,5684,339,3.92,1328.8799999999999,DIA Helado Fresa Tarrina 1kg,0
2020-04-20,3636,290,2.34,678.5999999999999,CARTE D' OR Helado Stracciatella Tarrina 500 gr,0
2020-04-20,101,241,3.92,944.72,MAGNUM Helado White Chocolate & Cookies Tarrina 300 gr,0
2020-04-20,5019,157,2.64,414.48,DIA Helado Dulce de Leche Tarrina 500 g,0
2020-04-20,7118,0,,,Haagen Dazs Helado Fresa Tarrina 400 g,0
2020-04-27,2033,1462,2.62,3830.44,CARTE D' OR Helado de yogur Tarrina 500 gr,0
2020-04-27,240,852,2.6,2215.2000000000003,Helado Haagen Dazs Cookies Tarrina 400 g,0
2020-04-27,3636,402,2.5,1005.0,CARTE D' OR Helado Stracciatella Tarrina 500 gr,0
2020-04-27,5684,312,4.04,1260.48,DIA Helado Fresa Tarrina 1kg,0
2020-04-27,5019,216,2.63,568.0799999999999,DIA Helado Dulce de Leche Tarrina 500 g,0
2020-04-27,101,184,4.05,745.1999999999999,MAGNUM Helado White Chocolate & Cookies Tarrina 300 gr,0
2020-04-27,7118,0,,,Haagen Dazs Helado Fresa Tarrina 400 g,0
2020-05-04,2033,1545,2.67,4125.15,CARTE D' OR Helado de yogur Tarrina 500 gr,0
2020-05-04,240,982,2.61,2563.02,Helado Haagen Dazs Cookies Tarrina 400 g,0
2020-05-04,5684,418,4.07,1701.2600000000002,DIA Helado Fresa Tarrina 1kg,0
2020-05-04,3636,297,2.65,787.05,CARTE D' OR Helado Stracciatella Tarrina 500 gr,0
2020-05-04,101,211,3.99,841.8900000000001,MAGNUM Helado White Chocolate & Cookies Tarrina 300 gr,0
2020-05-04,5019,172,2.63,452.35999999999996,DIA Helado Dulce de Leche Tarrina 500 g,0
2020-05-04,7118,0,,,Haagen Dazs Helado Fresa Tarrina 400 g,0
2020-05-11,2033,1735,2.62,4545.7,CARTE D' OR Helado de yogur Tarrina 500 gr,0
2020-05-11,240,705,2.58,1818.9,Helado Haagen Dazs Cookies Tarrina 400 g,0
2020-05-11,5684,359,4.14,1486.26,DIA Helado Fresa Tarrina 1kg,0
2020-05-11,3636,269,2.64,710.1600000000001,CARTE D' OR Helado Stracciatella Tarrina 500 gr,0
2020-05-11,101,184,3.69,678.96,MAGNUM Helado White Chocolate & Cookies Tarrina 300 gr,0
2020-05-11,5019,177,2.6,460.2,DIA Helado Dulce de Leche Tarrina 500 g,0
2020-05-11,7118,0,,,Haagen Dazs Helado Fresa Tarrina 400 g,0
2020-05-18,2033,1742,2.62,4564.04,CARTE D' OR Helado de yogur Tarrina 500 gr,0
2020-05-18,240,951,2.58,2453.58,Helado Haagen Dazs Cookies Tarrina 400 g,0
2020-05-18,5684,355,4.05,1437.75,DIA Helado Fresa Tarrina 1kg,0
2020-05-18,3636,244,2.74,668.5600000000001,CARTE D' OR Helado Stracciatella Tarrina 500 gr,0
2020-05-18,101,235,3.54,831.9,MAGNUM Helado White Chocolate & Cookies Tarrina 300 gr,0
2020-05-18,5019,197,2.6,512.2,DIA Helado Dulce de Leche Tarrina 500 g,0
2020-05-18,7118,0,,,Haagen Dazs Helado Fresa Tarrina 400 g,0
2020-05-25,2033,1877,2.57,4823.889999999999,CARTE D' OR Helado de yogur Tarrina 500 gr,0
2020-05-25,240,987,2.51,2477.37,Helado Haagen Dazs Cookies Tarrina 400 g,0
2020-05-25,5684,502,3.89,1952.78,DIA Helado Fresa Tarrina 1kg,0
2020-05-25,101,279,3.61,1007.1899999999999,MAGNUM Helado White Chocolate & Cookies Tarrina 300 gr,0
2020-05-25,3636,241,2.81,677.21,CARTE D' OR Helado Stracciatella Tarrina 500 gr,0
2020-05-25,5019,202,2.53,511.05999999999995,DIA Helado Dulce de Leche Tarrina 500 g,0
2020-05-25,7118,0,,,Haagen Dazs Helado Fresa Tarrina 400 g,0
2020-06-01,2033,2017,2.52,5082.84,CARTE D' OR Helado de yogur Tarrina 500 gr,0
2020-06-01,240,891,2.46,2191.86,Helado Haagen Dazs Cookies Tarrina 400 g,0
2020-06-01,5684,397,3.73,1480.81,DIA Helado Fresa Tarrina 1kg,0
2020-06-01,3636,285,2.8,798.0,CARTE D' OR Helado Stracciatella Tarrina 500 gr,0
2020-06-01,101,276,3.54,977.04,MAGNUM Helado White Chocolate & Cookies Tarrina 300 gr,0
2020-06-01,5019,223,2.52,561.96,DIA Helado Dulce de Leche Tarrina 500 g,0
2020-06-01,7118,0,,,Haagen Dazs Helado Fresa Tarrina 400 g,0
2020-06-08,2033,1815,2.44,4428.599999999999,CARTE D' OR Helado de yogur Tarrina 500 gr,0
2020-06-08,240,1085,2.46,2669.1,Helado Haagen Dazs Cookies Tarrina 400 g,0
2020-06-08,5684,488,3.59,1751.9199999999998,DIA Helado Fresa Tarrina 1kg,0
2020-06-08,101,362,3.1,1122.2,MAGNUM Helado White Chocolate & Cookies Tarrina 300 gr,0
2020-06-08,3636,334,2.76,921.8399999999999,CARTE D' OR Helado Stracciatella Tarrina 500 gr,0
2020-06-08,5019,262,2.5,655.0,DIA Helado Dulce de Leche Tarrina 500 g,0
2020-06-08,7118,0,,,Haagen Dazs Helado Fresa Tarrina 400 g,0
2020-06-15,2033,2480,2.42,6001.599999999999,CARTE D' OR Helado de yogur Tarrina 500 gr,0
2020-06-15,240,1002,2.47,2474.94,Helado Haagen Dazs Cookies Tarrina 400 g,0
2020-06-15,5684,570,3.42,1949.3999999999999,DIA Helado Fresa Tarrina 1kg,0
2020-06-15,3636,274,2.66,728.84,CARTE D' OR Helado Stracciatella Tarrina 500 gr,0
2020-06-15,5019,261,2.48,647.28,DIA Helado Dulce de Leche Tarrina 500 g,0
2020-06-15,101,213,3.51,747.63,MAGNUM Helado White Chocolate & Cookies Tarrina 300 gr,0
2020-06-15,7118,0,,,Haagen Dazs Helado Fresa Tarrina 400 g,0
2020-06-22,2033,2932,2.4,7036.8,CARTE D' OR Helado de yogur Tarrina 500 gr,0
2020-06-22,240,1076,2.52,2711.52,Helado Haagen Dazs Cookies Tarrina 400 g,0
2020-06-22,5684,617,3.35,2066.9500000000003,DIA Helado Fresa Tarrina 1kg,0
2020-06-22,3636,477,2.55,1216.35,CARTE D' OR Helado Stracciatella Tarrina 500 gr,0
2020-06-22,101,373,3.32,1238.36,MAGNUM Helado White Chocolate & Cookies Tarrina 300 gr,0
2020-06-22,5019,309,2.54,784.86,DIA Helado Dulce de Leche Tarrina 500 g,0
2020-06-22,7118,0,,,Haagen Dazs Helado Fresa Tarrina 400 g,0
2020-06-29,2033,2595,2.4,6228.0,CARTE D' OR Helado de yogur Tarrina 500 gr,0
2020-06-29,240,1167,2.53,2952.5099999999998,Helado Haagen Dazs Cookies Tarrina 400 g,0
2020-06-29,5684,757,3.28,2482.96,DIA Helado Fresa Tarrina 1kg,0
2020-06-29,3636,356,2.5,890.0,CARTE D' OR Helado Stracciatella Tarrina 500 gr,0
2020-06-29,101,332,3.29,1092.28,MAGNUM Helado White Chocolate & Cookies Tarrina 300 gr,0
2020-06-29,5019,175,2.59,453.25,DIA Helado Dulce de Leche Tarrina 500 g,0
2020-06-29,7118,139,2.49,346.11,Haagen Dazs Helado Fresa Tarrina 400 g,0
2020-07-06,2033,3122,2.39,7461.580000000001,CARTE D' OR Helado de yogur Tarrina 500 gr,0
2020-07-06,240,1356,2.54,3444.2400000000002,Helado Haagen Dazs Cookies Tarrina 400 g,0
2020-07-06,5684,736,3.32,2443.52,DIA Helado Fresa Tarrina 1kg,0
2020-07-06,3636,478,2.42,1156.76,CARTE D' OR Helado Stracciatella Tarrina 500 gr,0
2020-07-06,101,365,3.27,1193.55,MAGNUM Helado White Chocolate & Cookies Tarrina 300 gr,0
2020-07-06,5019,157,2.59,406.63,DIA Helado Dulce de Leche Tarrina 500 g,0
2020-07-06,7118,111,2.49,276.39000000000004,Haagen Dazs Helado Fresa Tarrina 400 g,0
2020-07-13,2033,3164,2.4,7593.599999999999,CARTE D' OR Helado de yogur Tarrina 500 gr,0
2020-07-13,240,1214,2.44,2962.16,Helado Haagen Dazs Cookies Tarrina 400 g,0
2020-07-13,5684,798,3.33,2657.34,DIA Helado Fresa Tarrina 1kg,0
2020-07-13,3636,519,2.49,1292.3100000000002,CARTE D' OR Helado Stracciatella Tarrina 500 gr,0
2020-07-13,101,267,3.89,1038.63,MAGNUM Helado White Chocolate & Cookies Tarrina 300 gr,0
2020-07-13,5019,205,2.61,535.05,DIA Helado Dulce de Leche Tarrina 500 g,0
2020-07-13,7118,152,2.2,334.40000000000003,Haagen Dazs Helado Fresa Tarrina 400 g,0
2020-07-20,2033,2967,2.39,7091.13,CARTE D' OR Helado de yogur Tarrina 500 gr,0
2020-07-20,240,1270,2.39,3035.3,Helado Haagen Dazs Cookies Tarrina 400 g,0
2020-07-20,5684,691,3.35,2314.85,DIA Helado Fresa Tarrina 1kg,0
2020-07-20,3636,401,2.53,1014.53,CARTE D' OR Helado Stracciatella Tarrina 500 gr,0
2020-07-20,101,317,3.96,1255.32,MAGNUM Helado White Chocolate & Cookies Tarrina 300 gr,0
2020-07-20,5019,189,2.6,491.40000000000003,DIA Helado Dulce de Leche Tarrina 500 g,0
2020-07-20,7118,122,2.15,262.3,Haagen Dazs Helado Fresa Tarrina 400 g,0
2020-07-27,2033,2565,2.37,6079.05,CARTE D' OR Helado de yogur Tarrina 500 gr,0
2020-07-27,240,1318,2.31,3044.58,Helado Haagen Dazs Cookies Tarrina 400 g,0
2020-07-27,5684,586,3.47,2033.42,DIA Helado Fresa Tarrina 1kg,0
2020-07-27,3636,556,2.48,1378.8799999999999,CARTE D' OR Helado Stracciatella Tarrina 500 gr,0
2020-07-27,101,245,3.87,948.15,MAGNUM Helado White Chocolate & Cookies Tarrina 300 gr,0
2020-07-27,5019,165,2.45,404.25000000000006,DIA Helado Dulce de Leche Tarrina 500 g,0
2020-07-27,7118,116,2.15,249.39999999999998,Haagen Dazs Helado Fresa Tarrina 400 g,0
2020-08-03,2033,3627,2.34,8487.18,CARTE D' OR Helado de yogur Tarrina 500 gr,0
2020-08-03,240,1853,2.28,4224.839999999999,Helado Haagen Dazs Cookies Tarrina 400 g,0
2020-08-03,5684,635,3.53,2241.5499999999997,DIA Helado Fresa Tarrina 1kg,0
2020-08-03,3636,437,2.45,1070.65,CARTE D' OR Helado Stracciatella Tarrina 500 gr,0
2020-08-03,101,349,3.89,1357.6100000000001,MAGNUM Helado White Chocolate & Cookies Tarrina 300 gr,0
2020-08-03,5019,201,2.32,466.32,DIA Helado Dulce de Leche Tarrina 500 g,0
2020-08-03,7118,133,2.15,285.95,Haagen Dazs Helado Fresa Tarrina 400 g,0
2020-08-10,2033,3826,2.37,9067.62,CARTE D' OR Helado de yogur Tarrina 500 gr,0
2020-08-10,240,1454,2.3,3344.2,Helado Haagen Dazs Cookies Tarrina 400 g,0
2020-08-10,5684,756,3.63,2744.2799999999997,DIA Helado Fresa Tarrina 1kg,0
2020-08-10,3636,515,2.44,1256.6,CARTE D' OR Helado Stracciatella Tarrina 500 gr,0
2020-08-10,101,326,3.94,1284.44,MAGNUM Helado White Chocolate & Cookies Tarrina 300 gr,0
2020-08-10,5019,225,2.43,546.75,DIA Helado Dulce de Leche Tarrina 500 g,0
2020-08-10,7118,129,2.15,277.34999999999997,Haagen Dazs Helado Fresa Tarrina 400 g,0
2020-08-17,2033,2578,2.39,6161.42,CARTE D' OR Helado de yogur Tarrina 500 gr,0
2020-08-17,240,1529,2.3,3516.7,Helado Haagen Dazs Cookies Tarrina 400 g,0
2020-08-17,5684,550,3.69,2029.5,DIA Helado Fresa Tarrina 1kg,0
2020-08-17,3636,346,2.53,875.3799999999999,CARTE D' OR Helado Stracciatella Tarrina 500 gr,0
2020-08-17,101,345,3.8,1311.0,MAGNUM Helado White Chocolate & Cookies Tarrina 300 gr,0
2020-08-17,5019,211,2.48,523.28,DIA Helado Dulce de Leche Tarrina 500 g,0
2020-08-17,7118,131,2.15,281.65,Haagen Dazs Helado Fresa Tarrina 400 g,0
2020-08-24,2033,2734,2.44,6670.96,CARTE D' OR Helado de yogur Tarrina 500 gr,0
2020-08-24,240,1500,2.44,3660.0,Helado Haagen Dazs Cookies Tarrina 400 g,0
2020-08-24,5684,761,3.47,2640.67,DIA Helado Fresa Tarrina 1kg,0
2020-08-24,3636,457,2.66,1215.6200000000001,CARTE D' OR Helado Stracciatella Tarrina 500 gr,0
2020-08-24,101,298,3.89,1159.22,MAGNUM Helado White Chocolate & Cookies Tarrina 300 gr,0
2020-08-24,5019,219,2.48,543.12,DIA Helado Dulce de Leche Tarrina 500 g,0
2020-08-24,7118,125,2.49,311.25,Haagen Dazs Helado Fresa Tarrina 400 g,0
2020-08-31,2033,2392,2.43,5812.56,CARTE D' OR Helado de yogur Tarrina 500 gr,0
2020-08-31,240,1479,2.49,3682.7100000000005,Helado Haagen Dazs Cookies Tarrina 400 g,0
2020-08-31,5684,580,3.28,1902.3999999999999,DIA Helado Fresa Tarrina 1kg,0
2020-08-31,3636,449,2.61,1171.8899999999999,CARTE D' OR Helado Stracciatella Tarrina 500 gr,0
2020-08-31,101,260,3.77,980.2,MAGNUM Helado White Chocolate & Cookies Tarrina 300 gr,0
2020-08-31,5019,181,2.58,466.98,DIA Helado Dulce de Leche Tarrina 500 g,0
2020-08-31,7118,117,2.49,291.33000000000004,Haagen Dazs Helado Fresa Tarrina 400 g,0
2020-09-07,2033,2575,2.44,6283.0,CARTE D' OR Helado de yogur Tarrina 500 gr,0
2020-09-07,240,1382,2.51,3468.8199999999997,Helado Haagen Dazs Cookies Tarrina 400 g,0
2020-09-07,5684,550,3.31,1820.5,DIA Helado Fresa Tarrina 1kg,0
2020-09-07,3636,384,2.6,998.4000000000001,CARTE D' OR Helado Stracciatella Tarrina 500 gr,0
2020-09-07,101,280,3.9,1092.0,MAGNUM Helado White Chocolate & Cookies Tarrina 300 gr,0
2020-09-07,5019,196,2.61,511.56,DIA Helado Dulce de Leche Tarrina 500 g,0
2020-09-07,7118,135,2.49,336.15000000000003,Haagen Dazs Helado Fresa Tarrina 400 g,0
2020-09-14,2033,2118,2.48,5252.64,CARTE D' OR Helado de yogur Tarrina 500 gr,0
2020-09-14,240,1166,2.46,2868.36,Helado Haagen Dazs Cookies Tarrina 400 g,0
2020-09-14,5684,530,3.51,1860.3,DIA Helado Fresa Tarrina 1kg,0
2020-09-14,3636,350,2.72,952.0000000000001,CARTE D' OR Helado Stracciatella Tarrina 500 gr,0
2020-09-14,101,204,3.85,785.4,MAGNUM Helado White Chocolate & Cookies Tarrina 300 gr,0
2020-09-14,5019,167,2.57,429.19,DIA Helado Dulce de Leche Tarrina 500 g,0
2020-09-14,7118,117,2.49,291.33000000000004,Haagen Dazs Helado Fresa Tarrina 400 g,0
2020-09-21,2033,1822,2.5,4555.0,CARTE D' OR Helado de yogur Tarrina 500 gr,0
2020-09-21,240,986,2.48,2445.28,Helado Haagen Dazs Cookies Tarrina 400 g,0
2020-09-21,5684,378,3.59,1357.02,DIA Helado Fresa Tarrina 1kg,0
2020-09-21,3636,334,2.73,911.82,CARTE D' OR Helado Stracciatella Tarrina 500 gr,0
2020-09-21,101,217,3.6,781.2,MAGNUM Helado White Chocolate & Cookies Tarrina 300 gr,0
2020-09-21,5019,136,2.6,353.6,DIA Helado Dulce de Leche Tarrina 500 g,0
2020-09-21,7118,99,2.49,246.51000000000002,Haagen Dazs Helado Fresa Tarrina 400 g,0
2020-09-28,2033,1674,2.51,4201.74,CARTE D' OR Helado de yogur Tarrina 500 gr,0
2020-09-28,240,849,2.47,2097.03,Helado Haagen Dazs Cookies Tarrina 400 g,0
2020-09-28,5684,502,3.68,1847.3600000000001,DIA Helado Fresa Tarrina 1kg,0
2020-09-28,3636,261,2.65,691.65,CARTE D' OR Helado Stracciatella Tarrina 500 gr,0
2020-09-28,101,257,3.79,974.03,MAGNUM Helado White Chocolate & Cookies Tarrina 300 gr,0
2020-09-28,5019,155,2.53,392.15,DIA Helado Dulce de Leche Tarrina 500 g,0
2020-09-28,7118,78,2.49,194.22000000000003,Haagen Dazs Helado Fresa Tarrina 400 g,0
2020-10-05,2033,1668,2.54,4236.72,CARTE D' OR Helado de yogur Tarrina 500 gr,0
2020-10-05,240,1099,2.45,2692.55,Helado Haagen Dazs Cookies Tarrina 400 g,0
2020-10-05,5684,477,3.82,1822.1399999999999,DIA Helado Fresa Tarrina 1kg,0
2020-10-05,3636,280,2.78,778.4,CARTE D' OR Helado Stracciatella Tarrina 500 gr,0
2020-10-05,101,213,4.04,860.52,MAGNUM Helado White Chocolate & Cookies Tarrina 300 gr,0
2020-10-05,5019,143,2.46,351.78,DIA Helado Dulce de Leche Tarrina 500 g,0
2020-10-05,7118,80,2.49,199.20000000000002,Haagen Dazs Helado Fresa Tarrina 400 g,0
2020-10-12,2033,1668,2.49,4153.320000000001,CARTE D' OR Helado de yogur Tarrina 500 gr,0
2020-10-12,240,916,2.39,2189.2400000000002,Helado Haagen Dazs Cookies Tarrina 400 g,0
2020-10-12,5684,372,3.77,1402.44,DIA Helado Fresa Tarrina 1kg,0
2020-10-12,3636,213,2.72,579.36,CARTE D' OR Helado Stracciatella Tarrina 500 gr,0
2020-10-12,101,212,4.02,852.2399999999999,MAGNUM Helado White Chocolate & Cookies Tarrina 300 gr,0
2020-10-12,5019,138,2.38,328.44,DIA Helado Dulce de Leche Tarrina 500 g,0
2020-10-12,7118,83,2.49,206.67000000000002,Haagen Dazs Helado Fresa Tarrina 400 g,0
2020-10-19,2033,1799,2.42,4353.58,CARTE D' OR Helado de yogur Tarrina 500 gr,0
2020-10-19,240,752,2.28,1714.56,Helado Haagen Dazs Cookies Tarrina 400 g,0
2020-10-19,5684,305,3.77,1149.85,DIA Helado Fresa Tarrina 1kg,0
2020-10-19,3636,222,2.66,590.52,CARTE D' OR Helado Stracciatella Tarrina 500 gr,0
2020-10-19,101,151,4.08,616.08,MAGNUM Helado White Chocolate & Cookies Tarrina 300 gr,0
2020-10-19,5019,133,2.4,319.2,DIA Helado Dulce de Leche Tarrina 500 g,0
2020-10-19,7118,88,2.49,219.12,Haagen Dazs Helado Fresa Tarrina 400 g,0
2020-10-26,2033,1890,2.48,4687.2,CARTE D' OR Helado de yogur Tarrina 500 gr,0
2020-10-26,240,754,2.44,1839.76,Helado Haagen Dazs Cookies Tarrina 400 g,0
2020-10-26,5684,364,3.68,1339.52,DIA Helado Fresa Tarrina 1kg,0
2020-10-26,3636,297,2.58,766.26,CARTE D' OR Helado Stracciatella Tarrina 500 gr,0
2020-10-26,101,222,3.77,836.94,MAGNUM Helado White Chocolate & Cookies Tarrina 300 gr,0
2020-10-26,5019,102,2.53,258.06,DIA Helado Dulce de Leche Tarrina 500 g,0
2020-10-26,7118,93,2.49,231.57000000000002,Haagen Dazs Helado Fresa Tarrina 400 g,0
2020-11-02,2033,1565,2.49,3896.8500000000004,CARTE D' OR Helado de yogur Tarrina 500 gr,0
2020-11-02,240,835,2.5,2087.5,Helado Haagen Dazs Cookies Tarrina 400 g,0
2020-11-02,5684,416,3.63,1510.08,DIA Helado Fresa Tarrina 1kg,0
2020-11-02,101,357,4.09,1460.1299999999999,MAGNUM Helado White Chocolate & Cookies Tarrina 300 gr,0
2020-11-02,3636,307,2.51,770.5699999999999,CARTE D' OR Helado Stracciatella Tarrina 500 gr,0
2020-11-02,7118,161,2.49,400.89000000000004,Haagen Dazs Helado Fresa Tarrina 400 g,0
2020-11-02,5019,156,2.58,402.48,DIA Helado Dulce de Leche Tarrina 500 g,0
2020-11-09,2033,1804,2.47,4455.88,CARTE D' OR Helado de yogur Tarrina 500 gr,0
2020-11-09,240,814,2.49,2026.8600000000001,Helado Haagen Dazs Cookies Tarrina 400 g,0
2020-11-09,5684,407,3.57,1452.99,DIA Helado Fresa Tarrina 1kg,0
2020-11-09,101,393,3.78,1485.54,MAGNUM Helado White Chocolate & Cookies Tarrina 300 gr,0
2020-11-09,3636,317,2.46,779.8199999999999,CARTE D' OR Helado Stracciatella Tarrina 500 gr,0
2020-11-09,5019,197,2.6,512.2,DIA Helado Dulce de Leche Tarrina 500 g,0
2020-11-09,7118,169,2.49,420.81000000000006,Haagen Dazs Helado Fresa Tarrina 400 g,0
2020-11-16,2033,1454,2.49,3620.4600000000005,CARTE D' OR Helado de yogur Tarrina 500 gr,0
2020-11-16,240,852,2.48,2112.96,Helado Haagen Dazs Cookies Tarrina 400 g,0
2020-11-16,5684,456,3.67,1673.52,DIA Helado Fresa Tarrina 1kg,0
2020-11-16,3636,372,2.53,941.16,CARTE D' OR Helado Stracciatella Tarrina 500 gr,0
2020-11-16,101,282,3.89,1096.98,MAGNUM Helado White Chocolate & Cookies Tarrina 300 gr,0
2020-11-16,7118,133,2.49,331.17,Haagen Dazs Helado Fresa Tarrina 400 g,0
2020-11-16,5019,130,2.54,330.2,DIA Helado Dulce de Leche Tarrina 500 g,0
2020-11-23,2033,1581,2.45,3873.4500000000003,CARTE D' OR Helado de yogur Tarrina 500 gr,0
2020-11-23,240,879,2.37,2083.23,Helado Haagen Dazs Cookies Tarrina 400 g,0
2020-11-23,5684,476,3.68,1751.68,DIA Helado Fresa Tarrina 1kg,0
2020-11-23,3636,345,2.56,883.2,CARTE D' OR Helado Stracciatella Tarrina 500 gr,0
2020-11-23,101,245,3.84,940.8,MAGNUM Helado White Chocolate & Cookies Tarrina 300 gr,0
2020-11-23,5019,135,2.44,329.4,DIA Helado Dulce de Leche Tarrina 500 g,0
2020-11-23,7118,123,2.49,306.27000000000004,Haagen Dazs Helado Fresa Tarrina 400 g,0
2020-11-30,2033,1778,2.46,4373.88,CARTE D' OR Helado de yogur Tarrina 500 gr,0
2020-11-30,240,936,2.38,2227.68,Helado Haagen Dazs Cookies Tarrina 400 g,0
2020-11-30,5684,497,3.55,1764.35,DIA Helado Fresa Tarrina 1kg,0
2020-11-30,3636,300,2.62,786.0,CARTE D' OR Helado Stracciatella Tarrina 500 gr,0
2020-11-30,7118,239,2.49,595.11,Haagen Dazs Helado Fresa Tarrina 400 g,0
2020-11-30,101,239,3.87,924.9300000000001,MAGNUM Helado White Chocolate & Cookies Tarrina 300 gr,0
2020-11-30,5019,155,2.42,375.09999999999997,DIA Helado Dulce de Leche Tarrina 500 g,0
2020-12-07,2033,2582,2.46,6351.72,CARTE D' OR Helado de yogur Tarrina 500 gr,0
2020-12-07,240,1049,2.35,2465.15,Helado Haagen Dazs Cookies Tarrina 400 g,0
2020-12-07,5684,519,3.57,1852.83,DIA Helado Fresa Tarrina 1kg,0
2020-12-07,101,384,3.46,1328.6399999999999,MAGNUM Helado White Chocolate & Cookies Tarrina 300 gr,0
2020-12-07,3636,349,2.68,935.32,CARTE D' OR Helado Stracciatella Tarrina 500 gr,0
2020-12-07,7118,262,2.49,652.3800000000001,Haagen Dazs Helado Fresa Tarrina 400 g,0
2020-12-07,5019,191,2.35,448.85,DIA Helado Dulce de Leche Tarrina 500 g,0
2020-12-14,2033,1796,2.5,4490.0,CARTE D' OR Helado de yogur Tarrina 500 gr,1
2020-12-14,240,1327,2.35,3118.4500000000003,Helado Haagen Dazs Cookies Tarrina 400 g,1
2020-12-14,5684,914,3.66,3345.2400000000002,DIA Helado Fresa Tarrina 1kg,1
2020-12-14,101,658,3.48,2289.84,MAGNUM Helado White Chocolate & Cookies Tarrina 300 gr,1
2020-12-14,3636,394,2.75,1083.5,CARTE D' OR Helado Stracciatella Tarrina 500 gr,1
2020-12-14,5019,257,2.35,603.95,DIA Helado Dulce de Leche Tarrina 500 g,1
2020-12-14,7118,220,2.49,547.8000000000001,Haagen Dazs Helado Fresa Tarrina 400 g,1
2020-12-21,2033,1738,2.45,4258.1,CARTE D' OR Helado de yogur Tarrina 500 gr,1
2020-12-21,240,1679,2.25,3777.75,Helado Haagen Dazs Cookies Tarrina 400 g,1
2020-12-21,5684,746,3.87,2887.02,DIA Helado Fresa Tarrina 1kg,1
2020-12-21,101,679,3.51,2383.29,MAGNUM Helado White Chocolate & Cookies Tarrina 300 gr,1
2020-12-21,3636,385,2.77,1066.45,CARTE D' OR Helado Stracciatella Tarrina 500 gr,1
2020-12-21,7118,352,2.18,767.36,Haagen Dazs Helado Fresa Tarrina 400 g,1
2020-12-21,5019,274,2.41,660.34,DIA Helado Dulce de Leche Tarrina 500 g,1
2020-12-28,240,1786,2.31,4125.66,Helado Haagen Dazs Cookies Tarrina 400 g,0
2020-12-28,2033,1697,2.45,4157.650000000001,CARTE D' OR Helado de yogur Tarrina 500 gr,0
2020-12-28,5684,854,3.96,3381.84,DIA Helado Fresa Tarrina 1kg,0
2020-12-28,101,758,3.31,2508.98,MAGNUM Helado White Chocolate & Cookies Tarrina 300 gr,0
2020-12-28,3636,401,2.68,1074.68,CARTE D' OR Helado Stracciatella Tarrina 500 gr,0
2020-12-28,7118,344,2.15,739.6,Haagen Dazs Helado Fresa Tarrina 400 g,0
2020-12-28,5019,250,2.42,605.0,DIA Helado Dulce de Leche Tarrina 500 g,0
